-- phpMyAdmin SQL Dump
-- version 4.5.1
-- http://www.phpmyadmin.net
--
-- Host: 127.0.0.1
-- Generation Time: May 10, 2018 at 04:05 AM
-- Server version: 10.1.19-MariaDB
-- PHP Version: 5.5.38

SET SQL_MODE = "NO_AUTO_VALUE_ON_ZERO";
SET time_zone = "+00:00";


/*!40101 SET @OLD_CHARACTER_SET_CLIENT=@@CHARACTER_SET_CLIENT */;
/*!40101 SET @OLD_CHARACTER_SET_RESULTS=@@CHARACTER_SET_RESULTS */;
/*!40101 SET @OLD_COLLATION_CONNECTION=@@COLLATION_CONNECTION */;
/*!40101 SET NAMES utf8mb4 */;

--
-- Database: `el`
--

-- --------------------------------------------------------

--
-- Table structure for table `category`
--

CREATE TABLE `category` (
  `id` int(10) UNSIGNED ZEROFILL NOT NULL,
  `name` varchar(30) NOT NULL,
  `description` varchar(500) NOT NULL,
  `show_homepage` varchar(1) NOT NULL DEFAULT 'N',
  `show_collection` varchar(1) NOT NULL DEFAULT 'N',
  `created_by` varchar(30) NOT NULL DEFAULT 'SYSTEM',
  `updated_by` varchar(30) NOT NULL DEFAULT 'SYSTEM',
  `created_timestamp` datetime NOT NULL DEFAULT CURRENT_TIMESTAMP,
  `updated_timestamp` timestamp NOT NULL DEFAULT CURRENT_TIMESTAMP ON UPDATE CURRENT_TIMESTAMP
) ENGINE=InnoDB DEFAULT CHARSET=latin1;

--
-- Dumping data for table `category`
--

INSERT INTO `category` (`id`, `name`, `description`, `show_homepage`, `show_collection`, `created_by`, `updated_by`, `created_timestamp`, `updated_timestamp`) VALUES
(0000000001, 'Suit', 'Formal Suits', 'Y', 'N', 'SYSTEM', 'SYSTEM', '2018-05-05 14:33:21', '2018-05-06 12:21:42'),
(0000000003, 'Jacket', 'Jacket', 'N', 'N', 'thopo', 'thopo', '2018-05-06 14:14:09', '2018-05-06 07:14:09');

-- --------------------------------------------------------

--
-- Table structure for table `ci_sessions`
--

CREATE TABLE `ci_sessions` (
  `id` varchar(128) NOT NULL,
  `ip_address` varchar(45) NOT NULL,
  `timestamp` int(10) UNSIGNED NOT NULL DEFAULT '0',
  `data` blob NOT NULL
) ENGINE=InnoDB DEFAULT CHARSET=latin1;

--
-- Dumping data for table `ci_sessions`
--

INSERT INTO `ci_sessions` (`id`, `ip_address`, `timestamp`, `data`) VALUES
('omr61ndg3jfod3bhfktog719ih10gj3n', '::1', 1525111192, 0x5f5f63695f6c6173745f726567656e65726174657c693a313532353131313035373b),
('tjaf27aipbl0cgqdi30vothscronundn', '::1', 1525111226, 0x5f5f63695f6c6173745f726567656e65726174657c693a313532353131313139393b),
('m47ssag2a4r5p8f7hlq36d2oqhrgqn44', '::1', 1525111494, 0x5f5f63695f6c6173745f726567656e65726174657c693a313532353131313233363b),
('jf320ucjkekberp4rvueu70uerr9iq4i', '::1', 1525111644, 0x5f5f63695f6c6173745f726567656e65726174657c693a313532353131313531363b),
('terj6fcv8kanav58v1kt1fjq3tusrjm7', '::1', 1525358872, 0x5f5f63695f6c6173745f726567656e65726174657c693a313532353335383830363b),
('kr72b7th0160m744retueef5vich0ps3', '::1', 1525359450, 0x5f5f63695f6c6173745f726567656e65726174657c693a313532353335393435303b),
('6ftqk7us459fbcr2utm416lpk8gn12ma', '::1', 1525362463, 0x5f5f63695f6c6173745f726567656e65726174657c693a313532353336323338303b69735f6c6f67696e7c623a313b757365726e616d657c733a353a2274686f706f223b),
('g11upds5uph29cpg1e481kf6ba7m6k5b', '::1', 1525362872, 0x5f5f63695f6c6173745f726567656e65726174657c693a313532353336323836373b69735f6c6f67696e7c623a313b757365726e616d657c733a353a2274686f706f223b),
('hmun8u4jef71b2bf5m3r3fajvu46dfte', '::1', 1525451973, 0x5f5f63695f6c6173745f726567656e65726174657c693a313532353435313730303b69735f6c6f67696e7c623a313b757365726e616d657c733a353a2274686f706f223b),
('gnbmoh1orr8717blcvpdfcj4bibndkqc', '::1', 1525452241, 0x5f5f63695f6c6173745f726567656e65726174657c693a313532353435323234303b69735f6c6f67696e7c623a313b757365726e616d657c733a353a2274686f706f223b),
('h6t73ejego83boa0sc8aik4v6k276b3b', '::1', 1525459708, 0x5f5f63695f6c6173745f726567656e65726174657c693a313532353435393435333b6d6573736167657c733a31393a225573657220646f6573206e6f74206578697374223b5f5f63695f766172737c613a313a7b733a373a226d657373616765223b733a333a226f6c64223b7d),
('auv2tq2nnd8f3s5dtikvk5psmlnehg81', '::1', 1525459983, 0x5f5f63695f6c6173745f726567656e65726174657c693a313532353435393735363b69735f6c6f67696e7c623a313b757365726e616d657c733a353a2274686f706f223b),
('uvh62o8vol1rb7vtrqjf1vsu65dj2dn0', '::1', 1525460371, 0x5f5f63695f6c6173745f726567656e65726174657c693a313532353436303038393b69735f6c6f67696e7c623a313b757365726e616d657c733a353a2274686f706f223b),
('b9aqcrebe09qd7o7d1n2p66uovivl7qk', '::1', 1525460475, 0x5f5f63695f6c6173745f726567656e65726174657c693a313532353436303339303b69735f6c6f67696e7c623a313b757365726e616d657c733a353a2274686f706f223b),
('dsnieekieoarmgj9h5t5l6br9b6362gs', '::1', 1525460846, 0x5f5f63695f6c6173745f726567656e65726174657c693a313532353436303732313b69735f6c6f67696e7c623a313b757365726e616d657c733a353a2274686f706f223b),
('tsot4baq227pcfcm0ejlrue6oc3pjnld', '::1', 1525461504, 0x5f5f63695f6c6173745f726567656e65726174657c693a313532353436313238303b69735f6c6f67696e7c623a313b757365726e616d657c733a353a2274686f706f223b6d657373616765547970657c733a353a226572726f72223b5f5f63695f766172737c613a323a7b733a31313a226d65737361676554797065223b733a333a226f6c64223b733a373a226d657373616765223b733a333a226f6c64223b7d6d6573736167657c733a31363a22496e76616c69642050617373776f7264223b),
('u0g3l8lultgqpdvlijn7qgjpku27narl', '::1', 1525461980, 0x5f5f63695f6c6173745f726567656e65726174657c693a313532353436313732353b69735f6c6f67696e7c623a313b757365726e616d657c733a353a2274686f706f223b69734572726f727c623a313b5f5f63695f766172737c613a323a7b733a373a2269734572726f72223b733a333a226f6c64223b733a373a226d657373616765223b733a333a226f6c64223b7d6d6573736167657c733a31363a22496e76616c69642050617373776f7264223b),
('djiqnp0obcad0cnlui9eg4unrk16dadj', '::1', 1525462172, 0x5f5f63695f6c6173745f726567656e65726174657c693a313532353436323037343b69735f6c6f67696e7c623a313b757365726e616d657c733a353a2274686f706f223b),
('bt1fimuilvslfo292jmei88kvjfn7vl0', '::1', 1525462775, 0x5f5f63695f6c6173745f726567656e65726174657c693a313532353436323735383b6d6573736167657c733a31363a22496e76616c69642070617373776f7264223b5f5f63695f766172737c613a313a7b733a373a226d657373616765223b733a333a226f6c64223b7d),
('hg1q50t2uje0ibpdrqjnubrn7oucerll', '::1', 1525506440, 0x5f5f63695f6c6173745f726567656e65726174657c693a313532353530363136333b69735f6c6f67696e7c623a313b757365726e616d657c733a353a2274686f706f223b),
('nkp8a1qoh5ohckf61a0qb289lg644snc', '::1', 1525506770, 0x5f5f63695f6c6173745f726567656e65726174657c693a313532353530363531383b69735f6c6f67696e7c623a313b757365726e616d657c733a353a2274686f706f223b),
('h9lvuocbl8hiaq954dq50sv2hkrutnef', '::1', 1525507090, 0x5f5f63695f6c6173745f726567656e65726174657c693a313532353530363835373b69735f6c6f67696e7c623a313b757365726e616d657c733a353a2274686f706f223b),
('osvric39gr90jf402hdp0rvk6jvd9lof', '::1', 1525508836, 0x5f5f63695f6c6173745f726567656e65726174657c693a313532353530383733353b69735f6c6f67696e7c623a313b757365726e616d657c733a353a2274686f706f223b),
('g03jolgo9e1vmoui77api3iqmggsrmma', '::1', 1525509900, 0x5f5f63695f6c6173745f726567656e65726174657c693a313532353530393736373b),
('7cp5br4v6vmtidun863cdo6rm2oipbhu', '::1', 1525510394, 0x5f5f63695f6c6173745f726567656e65726174657c693a313532353531303339313b),
('8lt12d9o2eppvgt2apboskk8c2fd3ceu', '::1', 1525511511, 0x5f5f63695f6c6173745f726567656e65726174657c693a313532353531313435323b69734572726f727c623a313b5f5f63695f766172737c613a323a7b733a373a2269734572726f72223b733a333a226f6c64223b733a373a226d657373616765223b733a333a226f6c64223b7d6d6573736167657c733a31393a225573657220646f6573206e6f74206578697374223b),
('88h1muc1e4g2f4aqhdknal5039g6k7ll', '::1', 1525522045, 0x5f5f63695f6c6173745f726567656e65726174657c693a313532353532313736343b69735f6c6f67696e7c623a313b757365726e616d657c733a353a2274686f706f223b),
('c2poniphmdgdqtc9be4vaor6gl1pg4q0', '::1', 1525522487, 0x5f5f63695f6c6173745f726567656e65726174657c693a313532353532323339343b69735f6c6f67696e7c623a313b757365726e616d657c733a353a2274686f706f223b),
('l65987c7fma4ul9uv0jme8v6j0r43rjd', '::1', 1525523827, 0x5f5f63695f6c6173745f726567656e65726174657c693a313532353532333633333b69735f6c6f67696e7c623a313b757365726e616d657c733a353a2274686f706f223b),
('l9p7r8a0vl5f178922evflijclp7ioc6', '::1', 1525524962, 0x5f5f63695f6c6173745f726567656e65726174657c693a313532353532343638303b69735f6c6f67696e7c623a313b757365726e616d657c733a353a2274686f706f223b),
('nda6nkkulpmj3heo3okt520oei3sh8jj', '::1', 1525525423, 0x5f5f63695f6c6173745f726567656e65726174657c693a313532353532353136393b69735f6c6f67696e7c623a313b757365726e616d657c733a353a2274686f706f223b),
('4ijagc26brn7upbr2el3dc6prn03rqih', '::1', 1525525735, 0x5f5f63695f6c6173745f726567656e65726174657c693a313532353532353635323b69735f6c6f67696e7c623a313b757365726e616d657c733a353a2274686f706f223b),
('kqjtj8v7h2pjk1iqlgpo810286v939em', '::1', 1525526103, 0x5f5f63695f6c6173745f726567656e65726174657c693a313532353532353936363b69735f6c6f67696e7c623a313b757365726e616d657c733a353a2274686f706f223b),
('lj3rpjjmpp03irccqba23joe8r8ccald', '::1', 1525526792, 0x5f5f63695f6c6173745f726567656e65726174657c693a313532353532363536323b69735f6c6f67696e7c623a313b757365726e616d657c733a353a2274686f706f223b),
('krj4dv7g5q891ej7dspqdnnvg5lkorf4', '::1', 1525526934, 0x5f5f63695f6c6173745f726567656e65726174657c693a313532353532363838373b69735f6c6f67696e7c623a313b757365726e616d657c733a353a2274686f706f223b6d6573736167657c733a31353a225265636f726420557064617465642e223b5f5f63695f766172737c613a313a7b733a373a226d657373616765223b733a333a226e6577223b7d),
('mhohd2i9kflmh186jsrlkbfkphu7td0o', '::1', 1525527547, 0x5f5f63695f6c6173745f726567656e65726174657c693a313532353532373431383b69735f6c6f67696e7c623a313b757365726e616d657c733a353a2274686f706f223b),
('0s6al89bp9an3d7jf9t3niff8rblc3tq', '::1', 1525528392, 0x5f5f63695f6c6173745f726567656e65726174657c693a313532353532383137303b69735f6c6f67696e7c623a313b757365726e616d657c733a353a2274686f706f223b),
('g5nagaulpqr6c2tlvhu1qigd0dlcfr1u', '::1', 1525528618, 0x5f5f63695f6c6173745f726567656e65726174657c693a313532353532383438343b69735f6c6f67696e7c623a313b757365726e616d657c733a353a2274686f706f223b),
('hbc6ors7unoa1s8f5v4jgcc1f24kuql9', '::1', 1525529204, 0x5f5f63695f6c6173745f726567656e65726174657c693a313532353532383932313b69735f6c6f67696e7c623a313b757365726e616d657c733a353a2274686f706f223b),
('6uu3f6e1td6f3tq0orok94897ma2hsra', '::1', 1525529726, 0x5f5f63695f6c6173745f726567656e65726174657c693a313532353532393436353b69735f6c6f67696e7c623a313b757365726e616d657c733a353a2274686f706f223b69734572726f727c623a313b5f5f63695f766172737c613a323a7b733a373a2269734572726f72223b733a333a226f6c64223b733a373a226d657373616765223b733a333a226f6c64223b7d6d6573736167657c733a32373a224661696c656420746f2075706461746520636f6c6c656374696f6e223b),
('rv5sp1721bncft5ligaqds6u8v9ra5pj', '::1', 1525530250, 0x5f5f63695f6c6173745f726567656e65726174657c693a313532353533303038343b69735f6c6f67696e7c623a313b757365726e616d657c733a353a2274686f706f223b),
('ihill3mc07ihv7bcnc545oi4osjnf351', '::1', 1525531082, 0x5f5f63695f6c6173745f726567656e65726174657c693a313532353533303838313b69735f6c6f67696e7c623a313b757365726e616d657c733a353a2274686f706f223b),
('fda2vdcoi6iuj44bsn6na55kkm1hm63r', '::1', 1525531445, 0x5f5f63695f6c6173745f726567656e65726174657c693a313532353533313232353b69735f6c6f67696e7c623a313b757365726e616d657c733a353a2274686f706f223b),
('8e8gorcls8o00lq5dncm17ih16thdnqm', '::1', 1525531751, 0x5f5f63695f6c6173745f726567656e65726174657c693a313532353533313533393b69735f6c6f67696e7c623a313b757365726e616d657c733a353a2274686f706f223b),
('cbcjtk6e98oa8efr517lp465bngf0lfl', '::1', 1525532046, 0x5f5f63695f6c6173745f726567656e65726174657c693a313532353533313930363b69735f6c6f67696e7c623a313b757365726e616d657c733a353a2274686f706f223b),
('3lkdarj59kqd8kedt505bk4ri8gtu4hn', '::1', 1525589710, 0x5f5f63695f6c6173745f726567656e65726174657c693a313532353538393537303b69735f6c6f67696e7c623a313b757365726e616d657c733a353a2274686f706f223b),
('io5btm4nrhv06es7vujd7jiclb5olpea', '::1', 1525590113, 0x5f5f63695f6c6173745f726567656e65726174657c693a313532353538393930363b69735f6c6f67696e7c623a313b757365726e616d657c733a353a2274686f706f223b),
('u9urfnj3p680htocp5umcq70l5ic08p2', '::1', 1525590518, 0x5f5f63695f6c6173745f726567656e65726174657c693a313532353539303232383b69735f6c6f67696e7c623a313b757365726e616d657c733a353a2274686f706f223b69734572726f727c4e3b),
('rdh4kf49ninptnd24b67p88rnip9oand', '::1', 1525590808, 0x5f5f63695f6c6173745f726567656e65726174657c693a313532353539303533383b69735f6c6f67696e7c623a313b757365726e616d657c733a353a2274686f706f223b69734572726f727c4e3b),
('1oag1dgk3l9ucmh8d3c810qal8ihia2l', '::1', 1525590851, 0x5f5f63695f6c6173745f726567656e65726174657c693a313532353539303833393b69735f6c6f67696e7c623a313b757365726e616d657c733a353a2274686f706f223b69734572726f727c4e3b),
('s2jpbob6ha1n2oheknnrmd33rl4rut3n', '::1', 1525591227, 0x5f5f63695f6c6173745f726567656e65726174657c693a313532353539313232353b69735f6c6f67696e7c623a313b757365726e616d657c733a353a2274686f706f223b69734572726f727c4e3b),
('k4g5bhnm803i4lseuq8jf2b582tuvmtt', '::1', 1525592097, 0x5f5f63695f6c6173745f726567656e65726174657c693a313532353539313836303b69735f6c6f67696e7c623a313b757365726e616d657c733a353a2274686f706f223b69734572726f727c623a303b5f5f63695f766172737c613a313a7b733a373a2269734572726f72223b733a333a226e6577223b7d),
('7ig586tj305gg6m9kt3aieoo6h7k3fso', '::1', 1525592455, 0x5f5f63695f6c6173745f726567656e65726174657c693a313532353539323137373b69735f6c6f67696e7c623a313b757365726e616d657c733a353a2274686f706f223b),
('h8ogl9tum314umgf3nu8h841it5e7li5', '::1', 1525592754, 0x5f5f63695f6c6173745f726567656e65726174657c693a313532353539323438323b69735f6c6f67696e7c623a313b757365726e616d657c733a353a2274686f706f223b),
('u077fq0fv9tmobpg720us2ai79s1jvnq', '::1', 1525593363, 0x5f5f63695f6c6173745f726567656e65726174657c693a313532353539333036333b69735f6c6f67696e7c623a313b757365726e616d657c733a353a2274686f706f223b),
('h0scmeseuq2nfcafsbtaj69hm27fqj1b', '::1', 1525593453, 0x5f5f63695f6c6173745f726567656e65726174657c693a313532353539333336363b69735f6c6f67696e7c623a313b757365726e616d657c733a353a2274686f706f223b),
('b7am4uqb11ejnf9ot80tisd2avsrccem', '::1', 1525593977, 0x5f5f63695f6c6173745f726567656e65726174657c693a313532353539333637383b69735f6c6f67696e7c623a313b757365726e616d657c733a353a2274686f706f223b),
('cn7qk5o6n1e6bg1b4vdfvj9im88v5ehu', '::1', 1525594263, 0x5f5f63695f6c6173745f726567656e65726174657c693a313532353539333938303b69735f6c6f67696e7c623a313b757365726e616d657c733a353a2274686f706f223b),
('hq21ovi3vvl7talvi4d2ud9ntc9i9mic', '::1', 1525594350, 0x5f5f63695f6c6173745f726567656e65726174657c693a313532353539343331383b69735f6c6f67696e7c623a313b757365726e616d657c733a353a2274686f706f223b),
('huamuaaov780lk6guqahv3e0tflnnbr5', '::1', 1525603835, 0x5f5f63695f6c6173745f726567656e65726174657c693a313532353630333830333b69735f6c6f67696e7c623a313b757365726e616d657c733a353a2274686f706f223b),
('fbsch5j00e31d31j30acpu592q2aheoe', '::1', 1525606306, 0x5f5f63695f6c6173745f726567656e65726174657c693a313532353630363235343b69735f6c6f67696e7c623a313b757365726e616d657c733a353a2274686f706f223b),
('ra0nil7ohnsnt5qlsii85vaiacvmcem9', '::1', 1525608809, 0x5f5f63695f6c6173745f726567656e65726174657c693a313532353630383539393b69735f6c6f67696e7c623a313b757365726e616d657c733a353a2274686f706f223b),
('e3fbgopet3id1rrv32m9k0o99gvnndlh', '::1', 1525609119, 0x5f5f63695f6c6173745f726567656e65726174657c693a313532353630383931343b69735f6c6f67696e7c623a313b757365726e616d657c733a353a2274686f706f223b),
('6mcmt660jut3boqs62aom3vhu0nu28vq', '::1', 1525609468, 0x5f5f63695f6c6173745f726567656e65726174657c693a313532353630393237383b69735f6c6f67696e7c623a313b757365726e616d657c733a353a2274686f706f223b);

-- --------------------------------------------------------

--
-- Table structure for table `collection`
--

CREATE TABLE `collection` (
  `id` int(10) UNSIGNED ZEROFILL NOT NULL,
  `category_id` int(10) UNSIGNED ZEROFILL NOT NULL,
  `title` varchar(20) NOT NULL,
  `description` varchar(100) NOT NULL,
  `image` varchar(50) NOT NULL,
  `is_favorite` varchar(1) NOT NULL,
  `created_by` varchar(30) NOT NULL,
  `updated_by` varchar(30) NOT NULL,
  `created_timestamp` timestamp NOT NULL DEFAULT CURRENT_TIMESTAMP,
  `updated_timestamp` timestamp NOT NULL DEFAULT CURRENT_TIMESTAMP ON UPDATE CURRENT_TIMESTAMP
) ENGINE=InnoDB DEFAULT CHARSET=latin1;

--
-- Dumping data for table `collection`
--

INSERT INTO `collection` (`id`, `category_id`, `title`, `description`, `image`, `is_favorite`, `created_by`, `updated_by`, `created_timestamp`, `updated_timestamp`) VALUES
(0000000005, 0000000001, 'Test', 'Test 1', 'lgQSR0tV.jpg', 'N', '', 'thopo', '2018-04-29 14:45:50', '2018-05-05 14:41:12'),
(0000000006, 0000000001, 'Test 2', 'Test 2', 'Vame3Aoj.jpg', 'Y', '', 'thopo', '2018-04-29 14:46:01', '2018-05-05 13:55:09'),
(0000000007, 0000000001, 'Test 3', 'Test 3', 'laiL2CuD.jpg', 'Y', '', 'thopo', '2018-04-29 14:46:12', '2018-05-05 13:55:11'),
(0000000008, 0000000001, 'Test 4', 'Test 4', 'DucRj0NQ.jpg', 'Y', '', 'thopo', '2018-04-29 14:46:22', '2018-05-05 13:55:13'),
(0000000009, 0000000001, 'Test 5', 'Test 5', 'fZ7maqsB.jpg', 'Y', '', 'thopo', '2018-04-29 14:46:33', '2018-05-05 13:55:14'),
(0000000011, 0000000001, 'Test', 'Yesy', 'jLXy2Alx.jpg', 'Y', 'thopo', 'thopo', '2018-05-05 12:54:31', '2018-05-05 13:55:08'),
(0000000012, 0000000001, 'rtrtr', 'Bla bl', 'XxTnmwlK.jpg', 'N', 'thopo', 'thopo', '2018-05-05 12:55:59', '2018-05-05 14:37:58'),
(0000000013, 0000000003, 'Jaket', 'ok', '3dYCGzbJ.jpg', 'N', 'thopo', 'thopo', '2018-05-06 07:43:26', '2018-05-06 07:43:26'),
(0000000014, 0000000003, 'Test sdfsdf', 'asas ', 'fh80vedx.jpg', 'N', 'thopo', 'thopo', '2018-05-06 07:43:42', '2018-05-06 07:43:42'),
(0000000015, 0000000003, 'oke', 'oke ', 'HIzZ6vVa.jpg', 'N', 'thopo', 'thopo', '2018-05-06 07:44:27', '2018-05-06 07:44:27'),
(0000000016, 0000000003, 'Ololo', 'ololo', 'vcOBTCtf.jpg', 'N', 'thopo', 'thopo', '2018-05-06 07:45:15', '2018-05-06 07:45:15');

-- --------------------------------------------------------

--
-- Stand-in structure for view `collection_category_allocation`
--
CREATE TABLE `collection_category_allocation` (
`category_id` int(10) unsigned zerofill
,`total` bigint(21)
);

-- --------------------------------------------------------

--
-- Stand-in structure for view `collection_category_summary`
--
CREATE TABLE `collection_category_summary` (
`id` int(10) unsigned zerofill
,`name` varchar(30)
,`description` varchar(500)
,`show_homepage` varchar(1)
,`show_collection` varchar(1)
,`total` bigint(21)
);

-- --------------------------------------------------------

--
-- Table structure for table `garment`
--

CREATE TABLE `garment` (
  `id` int(11) NOT NULL,
  `code` varchar(50) NOT NULL,
  `filename` varchar(50) NOT NULL,
  `brand` int(11) NOT NULL,
  `stock` int(11) NOT NULL,
  `is_deleted` varchar(1) NOT NULL,
  `created_by` varchar(30) NOT NULL,
  `updated_by` varchar(30) NOT NULL,
  `created_timestamp` timestamp NOT NULL DEFAULT CURRENT_TIMESTAMP,
  `updated_timestamp` timestamp NOT NULL DEFAULT CURRENT_TIMESTAMP ON UPDATE CURRENT_TIMESTAMP
) ENGINE=InnoDB DEFAULT CHARSET=latin1;

--
-- Dumping data for table `garment`
--

INSERT INTO `garment` (`id`, `code`, `filename`, `brand`, `stock`, `is_deleted`, `created_by`, `updated_by`, `created_timestamp`, `updated_timestamp`) VALUES
(1, 'S__11878402', 'sybKgTXd.jpg', 1, 30, '', '', 'thopo', '2018-04-30 04:57:34', '2018-04-30 04:57:55'),
(2, 'kjkjlk', 'Zcxp548A.jpg', 1, 50, '', '', 'thopo', '2018-04-30 04:59:34', '2018-04-30 04:59:34'),
(3, 'pempek1', 'aj86gyBw.jpg', 2, 0, '', '', 'thopo', '2018-04-30 05:02:01', '2018-04-30 05:02:01'),
(4, 'pempek2', 'iWY3qkSa.jpg', 2, 0, '', '', 'thopo', '2018-04-30 05:02:01', '2018-04-30 05:02:01'),
(5, 'pempek3', '0hkeR1Qv.jpg', 2, 0, '', '', 'thopo', '2018-04-30 05:02:01', '2018-04-30 05:02:01');

-- --------------------------------------------------------

--
-- Table structure for table `garment_brand`
--

CREATE TABLE `garment_brand` (
  `id` int(10) UNSIGNED ZEROFILL NOT NULL,
  `brand` varchar(30) NOT NULL,
  `description` varchar(100) NOT NULL,
  `image` varchar(50) NOT NULL,
  `is_favorite` varchar(1) NOT NULL,
  `is_deleted` varchar(1) NOT NULL,
  `created_by` varchar(30) NOT NULL,
  `updated_by` varchar(30) NOT NULL,
  `created_timestamp` timestamp NOT NULL DEFAULT CURRENT_TIMESTAMP,
  `updated_timestamp` timestamp NOT NULL DEFAULT CURRENT_TIMESTAMP ON UPDATE CURRENT_TIMESTAMP
) ENGINE=InnoDB DEFAULT CHARSET=latin1;

--
-- Dumping data for table `garment_brand`
--

INSERT INTO `garment_brand` (`id`, `brand`, `description`, `image`, `is_favorite`, `is_deleted`, `created_by`, `updated_by`, `created_timestamp`, `updated_timestamp`) VALUES
(0000000001, 'Drago', 'Drago', '', '1', '0', '', 'thopo', '2018-04-30 04:57:25', '2018-04-30 04:58:01'),
(0000000002, 'Guabello', 'Guabello', '', '1', '0', '', 'thopo', '2018-04-30 05:01:53', '2018-04-30 05:02:16');

-- --------------------------------------------------------

--
-- Table structure for table `login`
--

CREATE TABLE `login` (
  `id` int(11) NOT NULL,
  `username` varchar(30) NOT NULL,
  `password` varchar(100) NOT NULL,
  `last_login` timestamp NOT NULL DEFAULT CURRENT_TIMESTAMP ON UPDATE CURRENT_TIMESTAMP,
  `failed_attempt` int(11) NOT NULL,
  `last_failed_attempt` timestamp NOT NULL DEFAULT CURRENT_TIMESTAMP ON UPDATE CURRENT_TIMESTAMP,
  `created_by` varchar(30) NOT NULL DEFAULT 'SYSTEM',
  `updated_by` varchar(30) NOT NULL,
  `created_timestamp` timestamp NOT NULL DEFAULT CURRENT_TIMESTAMP,
  `updated_timestamp` timestamp NOT NULL DEFAULT CURRENT_TIMESTAMP ON UPDATE CURRENT_TIMESTAMP
) ENGINE=InnoDB DEFAULT CHARSET=latin1;

--
-- Dumping data for table `login`
--

INSERT INTO `login` (`id`, `username`, `password`, `last_login`, `failed_attempt`, `last_failed_attempt`, `created_by`, `updated_by`, `created_timestamp`, `updated_timestamp`) VALUES
(1, 'thopo', '4dfe52b98ed69dd92edaca4846c34ada', '2018-04-30 16:33:44', 0, '2018-04-30 16:33:44', 'SYSTEM', '', '2018-04-29 14:36:48', '2018-04-30 16:33:44');

-- --------------------------------------------------------

--
-- Table structure for table `user`
--

CREATE TABLE `user` (
  `id` int(10) UNSIGNED ZEROFILL NOT NULL,
  `username` varchar(20) NOT NULL,
  `password` varchar(100) NOT NULL,
  `last_successful` timestamp NULL DEFAULT NULL,
  `last_failed` timestamp NULL DEFAULT NULL,
  `failed_attemps` int(1) NOT NULL DEFAULT '0',
  `is_disabled` varchar(1) NOT NULL DEFAULT 'N',
  `is_deleted` varchar(1) NOT NULL DEFAULT 'N',
  `created_by` varchar(20) NOT NULL DEFAULT 'SYSTEM',
  `updated_by` varchar(20) NOT NULL DEFAULT 'SYSTEM',
  `created_timestamp` timestamp NOT NULL DEFAULT CURRENT_TIMESTAMP,
  `updated_timestamp` timestamp NOT NULL DEFAULT CURRENT_TIMESTAMP ON UPDATE CURRENT_TIMESTAMP
) ENGINE=InnoDB DEFAULT CHARSET=latin1;

--
-- Dumping data for table `user`
--

INSERT INTO `user` (`id`, `username`, `password`, `last_successful`, `last_failed`, `failed_attemps`, `is_disabled`, `is_deleted`, `created_by`, `updated_by`, `created_timestamp`, `updated_timestamp`) VALUES
(0000000001, 'thopo', '4dfe52b98ed69dd92edaca4846c34ada', '2018-05-06 10:50:11', '2018-05-05 09:10:17', 0, 'N', 'N', 'SYSTEM', '', '2017-12-23 17:21:31', '2018-05-06 10:50:11');

-- --------------------------------------------------------

--
-- Structure for view `collection_category_allocation`
--
DROP TABLE IF EXISTS `collection_category_allocation`;

CREATE ALGORITHM=TEMPTABLE DEFINER=`root`@`localhost` SQL SECURITY DEFINER VIEW `collection_category_allocation`  AS  select `collection`.`category_id` AS `category_id`,count(0) AS `total` from `collection` group by `collection`.`category_id` ;

-- --------------------------------------------------------

--
-- Structure for view `collection_category_summary`
--
DROP TABLE IF EXISTS `collection_category_summary`;

CREATE ALGORITHM=MERGE DEFINER=`root`@`localhost` SQL SECURITY DEFINER VIEW `collection_category_summary`  AS  select `category`.`id` AS `id`,`category`.`name` AS `name`,`category`.`description` AS `description`,`category`.`show_homepage` AS `show_homepage`,`category`.`show_collection` AS `show_collection`,`collection_category_allocation`.`total` AS `total` from (`category` left join `collection_category_allocation` on((`category`.`id` = `collection_category_allocation`.`category_id`))) order by `category`.`name` ;

--
-- Indexes for dumped tables
--

--
-- Indexes for table `category`
--
ALTER TABLE `category`
  ADD PRIMARY KEY (`id`),
  ADD UNIQUE KEY `name` (`name`);

--
-- Indexes for table `ci_sessions`
--
ALTER TABLE `ci_sessions`
  ADD KEY `ci_sessions_timestamp` (`timestamp`);

--
-- Indexes for table `collection`
--
ALTER TABLE `collection`
  ADD PRIMARY KEY (`id`);

--
-- Indexes for table `garment`
--
ALTER TABLE `garment`
  ADD PRIMARY KEY (`id`);

--
-- Indexes for table `garment_brand`
--
ALTER TABLE `garment_brand`
  ADD PRIMARY KEY (`id`);

--
-- Indexes for table `login`
--
ALTER TABLE `login`
  ADD PRIMARY KEY (`id`),
  ADD UNIQUE KEY `username` (`username`);

--
-- Indexes for table `user`
--
ALTER TABLE `user`
  ADD PRIMARY KEY (`id`),
  ADD UNIQUE KEY `username` (`username`);

--
-- AUTO_INCREMENT for dumped tables
--

--
-- AUTO_INCREMENT for table `category`
--
ALTER TABLE `category`
  MODIFY `id` int(10) UNSIGNED ZEROFILL NOT NULL AUTO_INCREMENT, AUTO_INCREMENT=4;
--
-- AUTO_INCREMENT for table `collection`
--
ALTER TABLE `collection`
  MODIFY `id` int(10) UNSIGNED ZEROFILL NOT NULL AUTO_INCREMENT, AUTO_INCREMENT=17;
--
-- AUTO_INCREMENT for table `garment`
--
ALTER TABLE `garment`
  MODIFY `id` int(11) NOT NULL AUTO_INCREMENT, AUTO_INCREMENT=6;
--
-- AUTO_INCREMENT for table `garment_brand`
--
ALTER TABLE `garment_brand`
  MODIFY `id` int(10) UNSIGNED ZEROFILL NOT NULL AUTO_INCREMENT, AUTO_INCREMENT=3;
--
-- AUTO_INCREMENT for table `login`
--
ALTER TABLE `login`
  MODIFY `id` int(11) NOT NULL AUTO_INCREMENT, AUTO_INCREMENT=2;
--
-- AUTO_INCREMENT for table `user`
--
ALTER TABLE `user`
  MODIFY `id` int(10) UNSIGNED ZEROFILL NOT NULL AUTO_INCREMENT, AUTO_INCREMENT=2;
/*!40101 SET CHARACTER_SET_CLIENT=@OLD_CHARACTER_SET_CLIENT */;
/*!40101 SET CHARACTER_SET_RESULTS=@OLD_CHARACTER_SET_RESULTS */;
/*!40101 SET COLLATION_CONNECTION=@OLD_COLLATION_CONNECTION */;
